key,key:maintenanceRecord,key:task
maintenanceRecordTask-01,maintenanceRecord-01,task-01

maintenanceRecordTask-02,maintenanceRecord-02,task-01

maintenanceRecordTask-03,maintenanceRecord-01,task-02

maintenanceRecordTask-04,maintenanceRecord-01,task-03
maintenanceRecordTask-05,maintenanceRecord-01,task-04
maintenanceRecordTask-06,maintenanceRecord-01,task-05
maintenanceRecordTask-07,maintenanceRecord-01,task-06
maintenanceRecordTask-08,maintenanceRecord-01,task-07


maintenanceRecordTask-09,maintenanceRecord-02,task-08
maintenanceRecordTask-10,maintenanceRecord-02,task-09
maintenanceRecordTask-11,maintenanceRecord-02,task-10
maintenanceRecordTask-12,maintenanceRecord-02,task-11
maintenanceRecordTask-13,maintenanceRecord-02,task-12